Submitter,Attachment,Reviews
s4292020,http://whc2.ceit.uq.edu.au/sites/default/files/attachments/Privacy.pdf,s4263261:AFCB, s4281675:BAAA, s4237375:BFBC,
s4292614,http://whc2.ceit.uq.edu.au/sites/default/files/attachments/INFS1300%20%20ESSAYPrivacy%20Paradox%5D.doc,s4292160:AABB, s4285553:ABAA, s4205084:BAAA,
s4299840,http://whc2.ceit.uq.edu.au/sites/default/files/attachments/Wikipedia.doc,s4296849:BAAA, s4279722:BBAA, s4283439:AAAB,
s4144102,http://whc2.ceit.uq.edu.au/sites/default/files/attachments/Privacy%20is%20Dead%20INFS1300.docx,s4262043:BAAA, s4283355:CABB, s4209775:BBAA,
s4285553,http://whc2.ceit.uq.edu.au/sites/default/files/attachments/Infs%20Essay%20-%20Revised%20Resubmission.doc,s4289449:BBBA, s4265283:AAAB, s4293918:,
s4300182,http://whc2.ceit.uq.edu.au/sites/default/files/attachments/privacy%20infs.doc,s4296836:CBCC, s4283480:BABB, s4233278:BFBB, s4296696:BABA,
s4303117,http://whc2.ceit.uq.edu.au/sites/default/files/attachments/public%20domain%20and%20the%20internet_0.pdf,s4266597:BCCC, s4291370:BBBC, s4296475:BBAA,
s4294192,http://whc2.ceit.uq.edu.au/sites/default/files/attachments/INFS%20paper.docx,s4275024:BAAA, s4237292:BFCC, s4303398:CBFB,
s4273449,http://whc2.ceit.uq.edu.au/sites/default/files/attachments/Reflective%20Paper%28amended%29.pdf,s4291437:BBAA, s4284902:BBBC, s4293247:AAAA,
s4293975,http://whc2.ceit.uq.edu.au/sites/default/files/attachments/Facebook%20Privacy%20Conundrum.docx,s4292020:CBAB, s4289116:BAAA, s4229105:BBAA, s4265110:BCAB,
s4292961,http://whc2.ceit.uq.edu.au/sites/default/files/attachments/reflective%20essay_1.pdf,s4174970:AAAA, s4293195:AAAA, s4265086:ACBC,
s4287815,http://whc2.ceit.uq.edu.au/sites/default/files/attachments/Collective%20Intelligence%20Report%20%28Finalized%29.docx,s4294432:AAAA, s4302998:BBAB, s4296406:BAAA,
s4290003,http://whc2.ceit.uq.edu.au/sites/default/files/attachments/Reflective%20Paper_0.pdf,s4289503:BAAA, s4231546:, s4291495:BBAA,
s4303053,http://whc2.ceit.uq.edu.au/sites/default/files/attachments/Peer%20to%20Peer%20Networks%20edit_0.docx,s4287549:BBAA, s4263205:BBAB, s4300611:AAAB, s4231771:BBBC,
s4293800,http://whc2.ceit.uq.edu.au/sites/default/files/attachments/INFS1300_LiamOrr_Reflectivepaper.doc,s4290638:CBCB, s4265520:ABBB, s4284242:AAAA,
s4288009,http://whc2.ceit.uq.edu.au/sites/default/files/attachments/INFS1300-Reflective%20Paper-Stephanie%20Brownlee-42880097.pdf,s4296742:AAAA, s4288590:AABB, s4293795:AAAA,
s4292998,http://whc2.ceit.uq.edu.au/sites/default/files/attachments/%5BUPDATED%5D%20How%20is%20Student%20Learning%20Affected%20by%20the%20Prolific%20Use%20of%20Search%20Engines.pdf,s4285367:BAAA, s4217155:BBCB, s4267474:CBBB,
s4285052,http://whc2.ceit.uq.edu.au/sites/default/files/attachments/INFS1300_ReflectivePaper_0.pdf,s4301214:BBBB, s4300182:AAAA, s4279026:BABB,
s4279039,http://whc2.ceit.uq.edu.au/sites/default/files/attachments/infs1300.pdf,s4286844:CCCB, s4229324:BCBB, s4293163:BFCB,
s4291830,http://whc2.ceit.uq.edu.au/sites/default/files/attachments/Privacy%20in%20Social%20Networking%20Sites.docx,s4266602:AAAA, s4200294:, s4291964:BAAB, s4264052:BBBB,
s4288463,http://whc2.ceit.uq.edu.au/sites/default/files/attachments/INFS1300%20Reflective%20Paper%20-%2042884639%20-%20Revision.pdf,s4275018:AAAB, s4267760:AABB, s4293707:BAAA,
s4277254,http://whc2.ceit.uq.edu.au/sites/default/files/attachments/newINFS1300-42772549-ReflectivePaper.pdf,s4279040:BABA, s4261222:AAAA, s4204952:AAAB,
s4288338,http://whc2.ceit.uq.edu.au/sites/default/files/attachments/INFS1300_PrivacyPaper_CamilleMora.doc,s4279031:ABBB, s4173660:AAAB, s4265484:BAAA, s4232416:ABAB,
s4203050,http://whc2.ceit.uq.edu.au/sites/default/files/attachments/Revised%20INFS1300%20Reflective%20Paper_0.docx,s4264366:BAAA, s4236385:BBAB, s4279039:BABB,
s4237375,http://whc2.ceit.uq.edu.au/sites/default/files/attachments/Privacy%20is%20dead%20TAYLOR%20MITCHELL%20FINAL%20VERSION.docx,s4288463:BBAB, s4267803:AAAA, s4291494:BBAA,
s4202286,http://whc2.ceit.uq.edu.au/sites/default/files/attachments/INFS1300%20Reviewed%20Essay_0.doc,s4303207:AAAA, s4287576:AAAA, s4283317:BAAC,
s4265520,http://whc2.ceit.uq.edu.au/sites/default/files/attachments/Internet%20Privacy_0.docx,s4279025:BBBB, s4273449:ABAB, s4300378:BBBA,
s4290891,http://whc2.ceit.uq.edu.au/sites/default/files/attachments/Cloud%20services.docx,s4289594:AAAA, s4283362:BABA, s4293841:AABA,
s4288777,http://whc2.ceit.uq.edu.au/sites/default/files/attachments/Privacy%2C%20SNS_0.docx,s4236114:BCBB, s4294192:BCBB, s4293545:BBBB,
s4290118,http://whc2.ceit.uq.edu.au/sites/default/files/attachments/INFS1300-Gardiner-42901189-A1-APA%20edit.pdf,s4292331:CBBA, s4293957:BABA, s4292614:BBAA, s4267233:BBBA,
s4265086,http://whc2.ceit.uq.edu.au/sites/default/files/attachments/INFS1300_Paper_42650861.pdf,s4265075:BBBB, s4206675:BCAC, s4292998:BBAA,
s4304452,http://whc2.ceit.uq.edu.au/sites/default/files/attachments/INFS1300%20Reflective%20Paper%202.pdf,s4275055:BBAA, s4286183:CAAA, s4276230:CBBB,
s4288977,http://whc2.ceit.uq.edu.au/sites/default/files/attachments/Privacy%20is%20Dead%20Essay.docx,s4289497:ACBB, s4290288:BFCF, s4276217:BBBA, s4172085:BCBA,
s4263027,http://whc2.ceit.uq.edu.au/sites/default/files/attachments/INFS1300%20REPORT.docx,s4283502:BABB, s4292247:AAAA, s4267743:BABA,
s4301214,http://whc2.ceit.uq.edu.au/sites/default/files/attachments/P2P%20networks%20and%20the%20sharing%20of%20illegal%20content.docx,s4230367:BCBA, s4296644:BBBB, s4290515:BCFC,
s4287496,http://whc2.ceit.uq.edu.au/sites/default/files/attachments/Camera%20Ready%20Copy_0.pdf,s4298329:ABAA, s4293800:BABB, s4285052:BAAA, s4208252:BAAA,
s4296696,http://whc2.ceit.uq.edu.au/sites/default/files/attachments/Internet%20privacy.docx,s4301266:BCCB, s4294023:AFBA, s4288777:AABA,
s4291370,http://whc2.ceit.uq.edu.au/sites/default/files/attachments/Relfective%20Paper.docx,s4280737:ACAB, s4243332:BCBB, s4262984:BAAA,
s4233278,http://whc2.ceit.uq.edu.au/sites/default/files/attachments/Paper%20Revised%20.pdf,s4291830:BCFC, s4202286:AAAA, s4289900:AAAA,
s4287616,http://whc2.ceit.uq.edu.au/sites/default/files/attachments/Privacy%20is%20Dead_0.docx,s4303225:BBCB, s4261257:AAAA, s4201929:BABB,
s4264374,http://whc2.ceit.uq.edu.au/sites/default/files/attachments/INFS1300%20FINAL%20CAITLIN%20CRANITCH%20revised%20%282%29.docx,s4267652:ACAA, s4289093:BAAB, s4261202:BCBB,
s4304584,http://whc2.ceit.uq.edu.au/sites/default/files/attachments/Short%20Paper.docx,s4259012:, s4205083:, s4296728:BBAC,
s4283362,http://whc2.ceit.uq.edu.au/sites/default/files/attachments/INFS1300%20Report.docx,s4303437:BAAA, s4267236:CABA, s4288977:BBBB,
s4303398,http://whc2.ceit.uq.edu.au/sites/default/files/attachments/Reflective%20paper.docx,s4288009:BCCB, s4234766:BCAC, s4264374:ABAA, s4303033:BBBA,
s4288665,http://whc2.ceit.uq.edu.au/sites/default/files/attachments/Reflective%20Paper_6.docx,s4293104:BCBA, s4200632:CCBB, s4278290:CFFF,
s4294432,http://whc2.ceit.uq.edu.au/sites/default/files/attachments/The%20Internet%E2%80%99s%20impact%20on%20human%20intelligence_0.docx,s4293975:AAAA, s4287496:AAAA, s4304452:BAAA,
s4290456,http://whc2.ceit.uq.edu.au/sites/default/files/attachments/P2P%20Networks.docx,s4290053:BAAA, s4229591:BAAA, s4237977:ACAB,
s4293795,http://whc2.ceit.uq.edu.au/sites/default/files/attachments/Privacy%20is%20Dead%20Paper_0.pdf,s4268164:AAAA, s4265324:AAAA, s4173673:BAAA,
s4290027,http://whc2.ceit.uq.edu.au/sites/default/files/attachments/infs1300%20privacy%20essay%20_%20revised.docx,s4144102:CAAA, s4277254:AAAA, s4303117:BAAA,
s4296836,http://whc2.ceit.uq.edu.au/sites/default/files/attachments/INFS%20paper1_0.pdf,s4230679:AAAA, s4243083:BBBB, s4287566:BBCC,
s4289900,http://whc2.ceit.uq.edu.au/sites/default/files/attachments/INFS1300%20social%20media%20privacy.rtf,s4233762:ACBA, s4265332:CCBB, s4302330:,
s4292388,http://whc2.ceit.uq.edu.au/sites/default/files/attachments/Does%20Privacy%20Exist%20Online%20-%2042923882.docx,s4292745:CFCF, s4292197:BCCC, s4293282:BCCB,
s4256037,http://whc2.ceit.uq.edu.au/sites/default/files/attachments/Cloud%20services.doc,s4286371:BCCC, s4262230:AAAB, s4275049:BBCA,
s4174970,http://whc2.ceit.uq.edu.au/sites/default/files/attachments/INFS1300%20Paper.docx,s4277262:BABA, s4299840:AABC, s4289401:ACBC, s4296728:,
s4292160,http://whc2.ceit.uq.edu.au/sites/default/files/attachments/INFS1300%20Literature%20Review.docx,s4267176:AAAB, s4269232:BAAB, s4290027:BAAB,
s4267652,http://whc2.ceit.uq.edu.au/sites/default/files/attachments/42676526%20INFS1300.doc,s4290456:ABBB, s4293245:BAAB, s4303427:BABA,
s4293245,http://whc2.ceit.uq.edu.au/sites/default/files/attachments/p2p_1.docx,s4263027:BAAB, s4288665:BBBA, s4290186:ABAA,
s4240903,http://whc2.ceit.uq.edu.au/sites/default/files/attachments/INFS%20Revised.docx,s4279028:BABA, s4181148:BAAA, s4292889:BBAA,
s4267803,http://whc2.ceit.uq.edu.au/sites/default/files/attachments/INFS1300%20Cloud%20computing.doc,s4291028:BBAA, s4290816:BCAA, s4144040:ACAA,
s4275049,http://whc2.ceit.uq.edu.au/sites/default/files/attachments/INFS1300%20Cloud%20Computing.pages,s4300538:CBBA, s4290629:ABAB, s4263659:AAAA,
s4293104,http://whc2.ceit.uq.edu.au/sites/default/files/attachments/Cloud%20Computing%20and%20Privacy.docx,s4290891:BCBB, s4287492:BBCA, s4231504:AAAA, student1:,
s4266602,http://whc2.ceit.uq.edu.au/sites/default/files/attachments/infs1300%20report_0%20%281%29.docx,s4304584:, s4283434:BCBB, s4283483:ACBA,
s4173660,http://whc2.ceit.uq.edu.au/sites/default/files/attachments/INFS1300%20Essay_1.docx,s4240903:AAAA, s4290118:CAAA, s4299516:AABA,
s4289788,http://whc2.ceit.uq.edu.au/sites/default/files/attachments/INFS1300_0_0.docx,s4233671:CBBB, s4205591:BCBB, s4263476:BBBB,
s4283317,http://whc2.ceit.uq.edu.au/sites/default/files/attachments/INFS1300%20reflective%20paper%20%5Bfixed%5D.docx,s4290003:BCBC, s4287815:CBCF, s4289596:BABB,
s4236114,http://whc2.ceit.uq.edu.au/sites/default/files/attachments/Arafeh_F_42361149_Revised_Paper.pdf,s4203990:BBAA, s4288770:BBAB, s4292961:BAAA,
s4292197,http://whc2.ceit.uq.edu.au/sites/default/files/attachments/INFS1300%20REFLECTIVE%20PAPER_%20Privacy.docx,s4290322:BFAC, s4303053:, s4304939:CFFF,
s4263476,http://whc2.ceit.uq.edu.au/sites/default/files/attachments/A01%20Essay%20INFS1300%20Word%20Doc.doc,s4281675:BBAB, s4237375:ABAA, s4265022:BBAA,
S4263205,http://whc2.ceit.uq.edu.au/sites/default/files/attachments/INFS1300%20AO1%20privacy%20FINAL_0.pdf,s4285553:ABAC, s4205084:BABA, s4263261:BBBB,
s4262625,http://whc2.ceit.uq.edu.au/sites/default/files/attachments/CABILANCREFLECTIVEPAPAERINFS1300.docx,s4285997:BBAB, s4287616:BBAA, s4292160:BABB,
s4298329,http://whc2.ceit.uq.edu.au/sites/default/files/attachments/Reflective%20Paper_2.docx,s4279722:BBBA, s4283439:AAAA, s4259304:BCBC,
s4289093,http://whc2.ceit.uq.edu.au/sites/default/files/attachments/INFS1300%20reflective%20paper%20reviewed%21.docx,s4283355:CBAA, s4209775:BBBB, s4296849:BABA,
s4291494,http://whc2.ceit.uq.edu.au/sites/default/files/attachments/INFS1300-MAHON-42914947-%20Revised%20Relfective%20Paper-APA.docx,s4265283:ABAB, s4293918:, s4262043:BAAA,
s4291028,http://whc2.ceit.uq.edu.au/sites/default/files/attachments/INFS1300%20Paper%20Review%202%20-%20Abigail%20Page%2C%2042910284.docx,s4283480:BCBA, s4233278:BFBB, s4289449:BCBB, s4296696:BCBB,
s4261202,http://whc2.ceit.uq.edu.au/sites/default/files/attachments/Cloud%20computing.docx,s4288338:ABBA, s4176766:ABAA, s4296836:BBBA,
S4289116,http://whc2.ceit.uq.edu.au/sites/default/files/attachments/INFS1300_AssessmentHandbook%286%29_279101974.pdf,s4142696:, s4267233:FFFF, s4296696:FFFF, s4286100:,
s4267474,http://whc2.ceit.uq.edu.au/sites/default/files/attachments/infs1300%20paper_1.docx,s4296475:BCCF, s4265110:BCBB, s4292388:BBCB,
s4279040,http://whc2.ceit.uq.edu.au/sites/default/files/attachments/infs1300ESSAY_3.pdf,s4303398:BFCB, s4266597:CFCF, s4291370:FFCF,
s4285997,http://whc2.ceit.uq.edu.au/sites/default/files/attachments/A%20peer%20to%20peer%20%28R%29.docx,s4293247:BBBA, s4275024:AAAA, s4237292:BFAB,
s4290288,http://whc2.ceit.uq.edu.au/sites/default/files/attachments/SEMANTIC%20ADVERTISING_0.docx,s4229105:AAAB, s4291437:BBAB, s4284902:AAAB,
s4267233,http://whc2.ceit.uq.edu.au/sites/default/files/attachments/Privacy.rtf,s4289116:BCBA, s4292020:CCBA, s4265086:BCBC,
s4276217,http://whc2.ceit.uq.edu.au/sites/default/files/attachments/Privacy%20is%20Dead%20because%20of%20the%20web%20-%20is%20it.docx,s4296406:BCBB, s4174970:CBCC, s4293195:CCBC,
s4289503,http://whc2.ceit.uq.edu.au/sites/default/files/attachments/Web%20Privacy_0.docx,s4291495:BCCB, s4294432:BCBC, s4302998:BBBB,
s4302330,http://whc2.ceit.uq.edu.au/sites/default/files/attachments/IP%20Policies%20and%20the%20Web.pdf,s4300611:CCCB, s4289503:CBFC, s4231546:,
s4279025,http://whc2.ceit.uq.edu.au/sites/default/files/attachments/P2P%20Network_0.doc,s4284242:BFBC, s4287549:BCCC, s4263205:CFCC,
s4266597,http://whc2.ceit.uq.edu.au/sites/default/files/attachments/BARTERK42665977SUBMIT2.pdf,s4293795:AAAA, s4290638:ABAA, s4265520:BBBB,
s4290816,http://whc2.ceit.uq.edu.au/sites/default/files/attachments/Reflective%20Paper_4.pdf,s4267474:BCAA, s4296742:BBBB, s4288590:ACBA,
s4296406,http://whc2.ceit.uq.edu.au/sites/default/files/attachments/infs1300_reflective_paper.pdf,s4279026:ABAB, s4285367:BBBB, s4217155:ABBB,
s4200294,http://whc2.ceit.uq.edu.au/sites/default/files/attachments/INFS_0.docx,s4293163:AAAA, s4301214:BABB, s4300182:AABA,
s4181148,http://whc2.ceit.uq.edu.au/sites/default/files/attachments/infs1300%20paper_0.docx,s4291964:BCCC, s4286844:BACA, s4229324:BCBB,
s4287492,http://whc2.ceit.uq.edu.au/sites/default/files/attachments/INFS1300%20Reflective%20Paper%20Wikipedia%20Revised.docx,s4293707:BBAA, s4266602:AAAB, s4200294:,
s4292745,http://whc2.ceit.uq.edu.au/sites/default/files/attachments/Internet%20Censorship%20to%20fit%20the%20Internet%20model.docx,s4204952:ABAB, s4275018:BBAA, s4267760:BFAA,
s4283434,http://whc2.ceit.uq.edu.au/sites/default/files/attachments/42834344_reflective%20paper%20review.doc,s4265484:BBBB, s4279040:BBBB, s4261222:ACBB,
s4267760,http://whc2.ceit.uq.edu.au/sites/default/files/attachments/Reflective%20Essay_FINAL%20edited.docx,s4279039:CBAC, s4279031:BAAB, s4173660:BABA, s4232416:BBAB,
s4178868,http://whc2.ceit.uq.edu.au/sites/default/files/attachments/Cloud%20Computing%20for%20Enterprises%20.pdf,s4291494:BBAA, s4264366:BBBA, s4236385:ABCC,
s4286844,http://whc2.ceit.uq.edu.au/sites/default/files/attachments/reflective%20paper.doc,s4283317:ACBA, s4288463:BFCC, s4267803:BFCA,
s4293918,http://whc2.ceit.uq.edu.au/sites/default/files/attachments/INFS%20essay.docx,s4300378:BBBB, s4303207:BBAB, s4287576:AAAB,
s4293163,http://whc2.ceit.uq.edu.au/sites/default/files/attachments/Redone%20essay.pdf,s4293841:BBAC, s4279025:BBBB, s4273449:BCBA, s4286100:,
s4230679,http://whc2.ceit.uq.edu.au/sites/default/files/attachments/Privacy%20is%20Dead%2C%20written%20by%2042306793.docx,s4293545:CFCC, s4289594:ACCC, s4283362:CFFC,
s4265324,http://whc2.ceit.uq.edu.au/sites/default/files/attachments/Final%20INFS1300%20Essay.docx,s4292614:BFCC, s4236114:BCBC, s4294192:AFCF, s4303033:CCCB,
s4205591,http://whc2.ceit.uq.edu.au/sites/default/files/attachments/INFS%20paper%20-%20To%20Search%20or%20Not%20To%20Search%20REV_2.docx,s4276230:BBBC, s4265075:AABA, s4206675:ABAA,
s4283439,http://whc2.ceit.uq.edu.au/sites/default/files/attachments/Reflective%20Paper_2.pdf,s4276217:BAAA, s4275055:BBAA, s4286183:BAAA,
s4279028,http://whc2.ceit.uq.edu.au/sites/default/files/attachments/ReflectivePaper_HardikaSaputra_42790280_0.docx,s4267743:AFCC, s4235945:CFCC, s4265477:BFCC,
s4229324,http://whc2.ceit.uq.edu.au/sites/default/files/attachments/Social%20Networking%20and%20Privacy.doc,s4290515:CCBC, s4283502:BBAB, s4292247:BBBB,
s4236385,http://whc2.ceit.uq.edu.au/sites/default/files/attachments/INFS%20privacy%20doc.docx,s4285052:BBAB, s4230367:ABBB, s4296644:ABAB,
s4243083,http://whc2.ceit.uq.edu.au/sites/default/files/attachments/Privacy%20Is%20Not%20Private%20Anymore%20-%20INFS1300%20Web%20Inside%20Out%20Paper_0.docx,s4288777:BCCB, s4298329:BFCC, s4293800:BCBC,
s4173673,http://whc2.ceit.uq.edu.au/sites/default/files/attachments/s4173673SemanticWeb.docx,s4262984:BBCB, s4301266:BBBB, s4294023:ACBA,
s4303207,http://whc2.ceit.uq.edu.au/sites/default/files/attachments/reflective%20paper%20done.docx,s4254325:BBBC, s4280737:BFFB, s4243332:ACAB,
s4275018,http://whc2.ceit.uq.edu.au/sites/default/files/attachments/Reflective%20Paper%20v2.pdf,s4289900:AAAA, s4303189:BCAA, s4292058:BBCA, s4231771:BBBB,
s4263261,http://whc2.ceit.uq.edu.au/sites/default/files/attachments/Paper.docx,s4261202:BABB, s4303225:BABA, s4261257:ABBA,
s4205083,http://whc2.ceit.uq.edu.au/sites/default/files/attachments/Reflective%20Paper%20-%20Cloud%20Storage.docx,s4296728:BCBB, s4267652:ACCB, s4289093:AFCB,
s4205084,http://whc2.ceit.uq.edu.au/sites/default/files/attachments/INFS1300%20Reflective%20paper.docx,s4288977:BBAA, s4259012:AAAB, s4205083:BABB,
s4269232,http://whc2.ceit.uq.edu.au/sites/default/files/attachments/Forsyth_42692320_INFS1300_C1_1%20%286%29.docx,s4264374:BCBC, s4303437:CBAC, s4267236:BBAA,
s4233762,http://whc2.ceit.uq.edu.au/sites/default/files/attachments/Essay_1.docx,s4278290:ABBA, s4288009:BAAA, s4234766:BAAA,
S4303437,http://whc2.ceit.uq.edu.au/sites/default/files/attachments/Network%20Centrality%20in%20Social%20Relation.docx,s4304452:BBAA, s4293104:CBAC, s4200632:BAAA,
s4292889,http://whc2.ceit.uq.edu.au/sites/default/files/attachments/PrivacyontheInternet.doc,s4237977:BFCF, s4293975:BFCB, s4287496:CFCB,
s4277262,http://whc2.ceit.uq.edu.au/sites/default/files/attachments/Privacy_1_1.docx,s4173673:BBAA, s4290053:ACCC, s4229591:CCBA, s4303033:CBAB,
s4286371,http://whc2.ceit.uq.edu.au/sites/default/files/attachments/Paper.pdf,s4303117:BCCC, s4268164:CCBC, s4265324:CFFF,
s4235945,http://whc2.ceit.uq.edu.au/sites/default/files/attachments/PRIVACY%20IS%20DEAD%20s4235945.pdf,s4287566:BCCB, s4144102:BBAA, s4277254:BFBC,
s4290053,http://whc2.ceit.uq.edu.au/sites/default/files/attachments/privacy%20essay%20revised.pdf,s4302330:, s4230679:AAAA, s4243083:BBAA,
s4279722,http://whc2.ceit.uq.edu.au/sites/default/files/attachments/Paperreview%20-%20for%20-%20INFS7130.pdf,s4293282:ABAC, s4233762:AABC, s4265332:AAAA,
s4263659,http://whc2.ceit.uq.edu.au/sites/default/files/attachments/You%20are%20the%20product_0.docx,s4275049:BBBC, s4292745:CBBB, s4292197:BCCF,
s4279026,http://whc2.ceit.uq.edu.au/sites/default/files/attachments/WebPaper.docx,s4286371:ACBA, s4256037:ABCB, s4262230:AFCC,
s4265110,http://whc2.ceit.uq.edu.au/sites/default/files/attachments/INFS1300%20Paper%2042651103.doc,s4277262:BAAA, s4299840:BBCB, s4289401:ACBC, s4205083:BBAB,
s4303225,http://whc2.ceit.uq.edu.au/sites/default/files/attachments/To%20Search%20or%20Not%20to%20Search.docx,s4267176:BBBA, s4269232:BAAB, s4290027:BCBB,
s4290186,http://whc2.ceit.uq.edu.au/sites/default/files/attachments/Final%20INFS%20Reflective%20Paper%20s4290186.pdf,s4290456:AAAA, s4293245:BAAA, s4303427:CABA,
s4299516,http://whc2.ceit.uq.edu.au/sites/default/files/attachments/INFS%20Essay_0.pdf,s4263027:BBBC, s4288665:BBBC, s4290186:BBBC,
s4287576,http://whc2.ceit.uq.edu.au/sites/default/files/attachments/INFS1300%20Reflective%20Paper%20-%20Reviewed%20Copy.docx,s4279028:BAAC, s4181148:BAAA, s4292889:AAAA, s4208252:BAAA,
s4296742,http://whc2.ceit.uq.edu.au/sites/default/files/attachments/Can%20computers%20understand%20human%20interaction.docx,s4291028:BBBB, s4290816:FAAA, s4144040:ABAB,
s4203990,http://whc2.ceit.uq.edu.au/sites/default/files/attachments/INFS1300%20Assignment%201_0.odt,s4300538:CCBC, s4290629:BCBC, s4263659:ACBB,
s4289401,http://whc2.ceit.uq.edu.au/sites/default/files/attachments/INFS1300%20Reflective%20Paper%20GABI.docx,s4290891:CBAA, s4287492:BBAB, s4231504:AAAA,
s4200632,http://whc2.ceit.uq.edu.au/sites/default/files/attachments/Short%20Reflective%20Paper_0.docx,s4304584:, s4283434:BBAB, s4283483:BAAA,
s4234766,http://whc2.ceit.uq.edu.au/sites/default/files/attachments/Reflective%20Paper_7.docx,s4240903:BABC, s4290118:BCAA, s4299516:BCBA,
s4284902,http://whc2.ceit.uq.edu.au/sites/default/files/attachments/Final%20-%20The%20Benefits%20of%20P2P%20Networking.docx,s4262625:BABC, s4178868:ABBA, s4243141:BBBA, s4172085:AAAA,
s4303189,http://whc2.ceit.uq.edu.au/sites/default/files/attachments/Reflective%20Paper_3.docx,s4289788:BBBB, s4205591:AAAA, s4263476:BBAB,
s4284242,http://whc2.ceit.uq.edu.au/sites/default/files/attachments/INFA%20Research%20Paper.docx,s4287815:ACBB, s4289596:ACBB, s4233671:CCCC,
s4229591,http://whc2.ceit.uq.edu.au/sites/default/files/attachments/Privacy%20is%20Dead_0.pdf,s4288770:BBAB, s4292961:BAAA, s4290003:AABA, s4264052:CCCC,
s4303427,http://whc2.ceit.uq.edu.au/sites/default/files/attachments/Cloud%20computing%20revised._0.docx,s4303053:, s4304939:AAAA, s4203990:BBAA,
s4291437,http://whc2.ceit.uq.edu.au/sites/default/files/attachments/tom.doc,s4237375:BCBC, s4265022:BBBB, s4290322:BBFB,
s4206675,http://whc2.ceit.uq.edu.au/sites/default/files/attachments/INFS1300_2.docx,s4205084:BBBA, s4263261:ABBB, s4281675:BAAA,
s4229105,http://whc2.ceit.uq.edu.au/sites/default/files/attachments/Kieran_Burke_infs1300_paper.pdf,s4287616:AABA, s4292160:BCBB, s4285553:ABBB,
s4286183,http://whc2.ceit.uq.edu.au/sites/default/files/attachments/Security%20issues%20of%20Cloud%20Computing.docx,s4283439:BCCB, s4259304:AFCF, s4285997:CFFF, s4172085:BCCC,
s4204952,http://whc2.ceit.uq.edu.au/sites/default/files/attachments/ReflectivePaper%20%283%29.pdf,s4209775:BBBB, s4296849:AAAA, s4279722:CCCC,
s4292331,http://whc2.ceit.uq.edu.au/sites/default/files/attachments/Cloud%20Technology%20-%20Short%20Paper.docx,s4293918:, s4262043:BFFC, s4283355:CFFF,
s4267236,http://whc2.ceit.uq.edu.au/sites/default/files/attachments/Impact%20and%20Implications%20of%20Publishing%20Linked%20Open%20Data.docx,s4176766:BCCC, s4296836:BCBB, s4283480:BCBA, s4286100:,
s4176766,http://whc2.ceit.uq.edu.au/sites/default/files/attachments/WIKIPEDIA.docx,s4267233:BBBB, s4296696:BCAC, s4288338:BBBB,
s4289594,http://whc2.ceit.uq.edu.au/sites/default/files/attachments/INFS1300%20%E2%80%93%20REFLECTIVE%20PAPER.docx,s4265110:BCBB, s4292388:BBAA, s4142696:,
s4259304,http://whc2.ceit.uq.edu.au/sites/default/files/attachments/INFS1300%20PAPER_0.pdf,s4266597:AABB, s4291370:BAAC, s4296475:BBAA,
s4293247,http://whc2.ceit.uq.edu.au/sites/default/files/attachments/The%20Web%20as%20an%20Augmentation%20of%20the%20Human%20Intellect%20review.docx,s4275024:BCBB, s4237292:BFBC, s4303398:CFCB,
s4300378,http://whc2.ceit.uq.edu.au/sites/default/files/attachments/reflective%20paper%20infs1300_0.pdf,s4291437:BAAA, s4284902:BABC, s4293247:AABA,
s4283480,http://whc2.ceit.uq.edu.au/sites/default/files/attachments/Prospects%20and%20analysis%20of%20cloud%20computing.docx,s4292020:BBBC, s4289116:BBCC, s4229105:BBFB, s4176766:BCFC,
s4287549,http://whc2.ceit.uq.edu.au/sites/default/files/attachments/INFS1300%20s4287549%20-%20PRIVACY.pdf,s4174970:BCBA, s4293195:BBCA, s4265086:BBBB,
s4254325,http://whc2.ceit.uq.edu.au/sites/default/files/attachments/infspaperv2.docx,s4294432:BAAA, s4302998:ABAA, s4296406:ABAA,
s4261257,http://whc2.ceit.uq.edu.au/sites/default/files/attachments/The%20Impact%20of%20the%20World%20Wide%20Web%20INFS1300%20Paper.docx,s4289503:BAAA, s4231546:, s4291495:BBBB,
s4217155,http://whc2.ceit.uq.edu.au/sites/default/files/attachments/Research%20Paper%20Revised%20Edition_0.pdf,s4287549:BBBC, s4263205:BBCC, s4300611:BBBB,
s4262230,http://whc2.ceit.uq.edu.au/sites/default/files/attachments/A%20Deeper%20Look%20at%20Facebook%20-%20Final%20Copy.doc,s4290638:AAAA, s4265520:AAAA, s4284242:AAAB,
s4291964,http://whc2.ceit.uq.edu.au/sites/default/files/attachments/INFS1300.pdf,s4296742:BBFC, s4288590:BCBC, s4293795:BCBC,
s4288770,http://whc2.ceit.uq.edu.au/sites/default/files/attachments/Reflective%20Paper_4.docx,s4285367:BCBB, s4217155:BBBB, s4267474:BCBB,
s4294023,http://whc2.ceit.uq.edu.au/sites/default/files/attachments/Reflective%20Paper_0.docx,s4301214:CAAA, s4300182:AAAA, s4279026:ABBB,
s4201929,http://whc2.ceit.uq.edu.au/sites/default/files/attachments/Privacy%20is%20dead%20updated.docx,s4286844:BABB, s4229324:BBAB, s4293163:BBBB,
s4300611,http://whc2.ceit.uq.edu.au/sites/default/files/attachments/INFS1300%20Reflective%20Paper_1.doc,s4266602:AAAA, s4200294:, s4291964:BABB,
s4283483,http://whc2.ceit.uq.edu.au/sites/default/files/attachments/1300paper.doc,s4275018:BBBB, s4267760:BBBB, s4293707:ABBB,
s4209775,http://whc2.ceit.uq.edu.au/sites/default/files/attachments/INFS1300_1.docx,s4279040:ABBB, s4261222:ABAA, s4204952:ACAB,
s4268164,http://whc2.ceit.uq.edu.au/sites/default/files/attachments/42681641infs1300essayrewrite.pdf,s4279031:ABAB, s4173660:BBBA, s4265484:BBBB, s4232416:,
s4304939,http://whc2.ceit.uq.edu.au/sites/default/files/attachments/webs.docx,s4264366:BBBB, s4236385:BCCC, s4279039:BAAA,
s4296644,http://whc2.ceit.uq.edu.au/sites/default/files/attachments/Online%20privacy_0.docx,s4288463:BCBB, s4267803:BBBA, s4291494:BCAB,
s4264366,http://whc2.ceit.uq.edu.au/sites/default/files/attachments/Privacy%20is%20Dead%20REVISED%20PAPER.,s4303207:BBBB, s4287576:BBBB, s4283317:CAAB,
s4262984,http://whc2.ceit.uq.edu.au/sites/default/files/attachments/Digital%20Identity_0_0.docx,s4279025:BBBA, s4273449:BCBC, s4300378:BBBB,
s4289449,http://whc2.ceit.uq.edu.au/sites/default/files/attachments/Reflective%20Paper_7.pdf,s4289594:CAAA, s4283362:BBBB, s4293841:BAAA,
s4265283,http://whc2.ceit.uq.edu.au/sites/default/files/attachments/Final%20essay.docx,s4236114:BBAA, s4294192:BBBB, s4293545:CBBB,
s4300538,http://whc2.ceit.uq.edu.au/sites/default/files/attachments/43005383%20-%20INFS1300%20-%20Wikipedia%20as%20Web%202.0%20Product%20_0.pdf,s4292331:CAAB, s4293957:BBBC, s4292614:BAAA, s4267233:BAAA,
s4283502,http://whc2.ceit.uq.edu.au/sites/default/files/attachments/Privacy%20is%20dead2.docx,s4265075:BCCC, s4206675:BBCC, s4292998:BCCC,
s4230367,http://whc2.ceit.uq.edu.au/sites/default/files/attachments/INFS1300%20-%20assignment%201%20-%20EDITED_1.docx,s4275055:BBCB, s4286183:CBBA, s4276230:BBBC,
s4293545,http://whc2.ceit.uq.edu.au/sites/default/files/attachments/The%20Google%20Revolution.doc,s4289497:ABAA, s4290288:BABA, s4276217:BBBA,
s4280737,http://whc2.ceit.uq.edu.au/sites/default/files/attachments/INFS1300%20Reflective%20Paper_0.pdf,s4235945:ABBA, s4265477:BBAA, s4203050:BBBB,
s4261222,http://whc2.ceit.uq.edu.au/sites/default/files/attachments/Privacy%20is%20Dead.docx,s4283502:BCBC, s4292247:BCBB, s4267743:BCBA,
s4293707,http://whc2.ceit.uq.edu.au/sites/default/files/attachments/INFS1300%20reflective%20paper%20Kirilyn%20Batchelor.docx,s4230367:BBAB, s4296644:BAAB, s4290515:BCBB,
s4265075,http://whc2.ceit.uq.edu.au/sites/default/files/attachments/INFS1300_Reflective_Paper_2012_0.docx,s4298329:ABBB, s4293800:BBBA, s4285052:BBAB,
s4301266,http://whc2.ceit.uq.edu.au/sites/default/files/attachments/infs1300_reflectivepaper_privacy_edit.doc,s4262984:BAAB, s4294023:ACBA, s4288777:AAAA,
s4265477,http://whc2.ceit.uq.edu.au/sites/default/files/attachments/Revised%20P2P%20Networks%20Reflective%20Paper.pdf,s4254325:BBAA, s4280737:ABBA, s4243332:BBBA,
s4288590,http://whc2.ceit.uq.edu.au/sites/default/files/attachments/The%20Google%20Effect.docx,s4289900:ACFC, s4303189:BCAB, s4292058:ABBB,
s4296728,http://whc2.ceit.uq.edu.au/sites/default/files/attachments/Privay%20is%20dead%20FINAL%20%281%29.docx,s4201929:BBAA, s4291830:BAAA, s4202286:BBBB,
s4302998,http://whc2.ceit.uq.edu.au/sites/default/files/attachments/Privacy%20is%20Dead_1.pdf,s4261202:BBCC, s4303225:BABA, s4261257:BCBB,
s4275055,http://whc2.ceit.uq.edu.au/sites/default/files/attachments/Small%20World%20Concept%20Revised.pdf,s4296728:BCBA, s4267652:BCBA, s4289093:CCBB,
s4291495,http://whc2.ceit.uq.edu.au/sites/default/files/attachments/Privacy%20is%20Dead_2.docx,s4288977:BBBA, s4259012:BCBC, s4205083:BAAA,
s4276230,http://whc2.ceit.uq.edu.au/sites/default/files/attachments/INFS1300%20new_0.pdf,s4278290:ABAB, s4288009:BBBB, s4234766:BBAB,
s4265332,http://whc2.ceit.uq.edu.au/sites/default/files/attachments/infs1300_paperreview_42653321.pdf,s4304452:BBBB, s4293104:BBBB, s4200632:CBAA,
s4290322,http://whc2.ceit.uq.edu.au/sites/default/files/attachments/s4290322%20Reflective%20Paper.doc,s4237977:BBAC, s4293975:BAAA, s4287496:BAAB,
s4267176,http://whc2.ceit.uq.edu.au/sites/default/files/attachments/REVISED%20Infs1300%20Essay.docx,s4173673:BBAA, s4290053:BAAB, s4229591:BBBB, s4286100:,
s4259012,http://whc2.ceit.uq.edu.au/sites/default/files/attachments/Google-Help-or-Hinderance%20%283%29.,s4287566:ACBA, s4144102:BBBB, s4277254:ACBC,
s4275024,http://whc2.ceit.uq.edu.au/sites/default/files/attachments/INFS1300%20Cloud.pdf,s4302330:, s4230679:AAAA, s4243083:BBAB,
s4296475,http://whc2.ceit.uq.edu.au/sites/default/files/attachments/Reflective%20Paper_5.docx,s4293282:BAAB, s4233762:BBBA, s4265332:BAAA,
s4267743,http://whc2.ceit.uq.edu.au/sites/default/files/attachments/Varley_42677439_PaperReview2ndEdit_Wikipedia.docx,s4275049:BBBA, s4292745:CABB, s4292197:BBBA,
s4293841,http://whc2.ceit.uq.edu.au/sites/default/files/attachments/Online%20Privacy%20Essay_0.docx,s4286371:BAAA, s4256037:BBAA, s4262230:BCAB,
s4231504,http://whc2.ceit.uq.edu.au/sites/default/files/attachments/s4231504.docx,s4267176:BBBC, s4269232:BCBC, s4290027:BBBB,
s4265484,http://whc2.ceit.uq.edu.au/sites/default/files/attachments/INFS1300%20reflective%20paper%20updated.docx,s4290456:BBCB, s4293245:BABB, s4303427:BBBA,
s4296849,http://whc2.ceit.uq.edu.au/sites/default/files/attachments/P2P%20Network%20vs%20Client%20Server%20Network_0.docx,s4263027:BCBC, s4288665:BCCC, s4290186:BBBA,
s4279031,http://whc2.ceit.uq.edu.au/sites/default/files/attachments/Privacy%20and%20internet_0.docx,s4279028:BABB, s4181148:BABA, s4292889:BBAB,
s4237292,http://whc2.ceit.uq.edu.au/sites/default/files/attachments/INFS1300_MICHAEL_O_42372921_Reflective_Paper.pdf,s4291028:BABA, s4290816:BABB, s4144040:ABBA,
s4292058,http://whc2.ceit.uq.edu.au/sites/default/files/attachments/Reflective%20Paper%20-%20Draft.pdf,s4300538:CFBB, s4290629:ABAA, s4263659:BAAA,
s4285367,http://whc2.ceit.uq.edu.au/sites/default/files/attachments/Infs1300Paper.docx,s4290891:CBBB, s4287492:BAAA, s4231504:BAAA,
s4292247,http://whc2.ceit.uq.edu.au/sites/default/files/attachments/Cloud%20Services%20Essay_0.docx,s4304584:, s4283434:BFAA, s4283483:BFCA,
s4290515,http://whc2.ceit.uq.edu.au/sites/default/files/attachments/Is%20Privacy%20Dead%20Madeline%20Lindsay%20C1%20final%20version.docx,s4240903:ABBB, s4290118:BAAA, s4299516:BABA,
s4289596,http://whc2.ceit.uq.edu.au/sites/default/files/attachments/INFS1300_revised.pdf,s4243141:BFBB, s4178868:CCBF, s4262625:BFCB,
s4290638,http://whc2.ceit.uq.edu.au/sites/default/files/attachments/Cloud%20Computing.docx,s4263476:AAAB, s4205591:ABAA, s4289788:CBBA,
s4233671,http://whc2.ceit.uq.edu.au/sites/default/files/attachments/privacy%20concern_0.docx,s4289596:CFBB, s4287815:CFCF, s4290003:CFCC,
s4144040,http://whc2.ceit.uq.edu.au/sites/default/files/attachments/INFS1300%20%E2%80%93%20Reflective%20Paper.docx,s4292961:BCBA, s4288770:BBBB, s4203990:BCAA,
s4243332,http://whc2.ceit.uq.edu.au/sites/default/files/attachments/Peer_1.docx,s4304939:BCBB, s4142696:, s4301266:BBBC,
s4265022,http://whc2.ceit.uq.edu.au/sites/default/files/attachments/Swarm%20Intelligence_7.doc,s4256037:CCBC, s4289788:CCFC, s4233671:CCFF,
s4286100,http://whc2.ceit.uq.edu.au/sites/default/files/attachments/The%20Demolition%20of%20Privacy_0.docx,s4264052:BCBC, s4231771:BAAB, s4208252:BCBB,
